3,logD-NadinUlrich-1.csv
4,logD-3DS-1.csv
5,logD-AndreaEbert-1_tF851UO.csv
6,logD-NadinUlrich-1_9C8eUz5.csv
7,logD-ECRISM-1.csv
8,logD-ECRISM-2.csv
9,logD-ECRISM-3.csv
10,logD_SAMPL8_ShuzheWang_unranked2.csv
11,logD_SAMPL8_ShuzheWang_unranked3.csv
12,logD_SAMPL8_ShuzheWang_unranked1.csv
13,logD_SAMPL8_ShuzheWang_ranked.csv
14,logD-IEFPCMMST-1.csv
15,logD-IEFPCMMST-2.csv
16,logD-ZhiyiWu-1.csv
17,logD_SabatinoRodriguezPaluch_uESE_extra.csv
18,logD_SabatinoRodriguezPaluch_uESE_extra_2.csv
19,logD_SabatinoRodriguezPaluch_uESE_extra_3.csv
20,logD_SabatinoRodriguezPaluch_uESE.csv
21,logD_SabatinoRodriguezPaluch_uESE_2.csv
22,logD_SabatinoRodriguezPaluch_uESE_3.csv
23,logD_SabatinoRodriguezPaluch_uESE_exp.csv
24,logD_SabatinoRodriguezPaluch_uESE_exp_2.csv
25,logD_SabatinoRodriguezPaluch_uESE_exp_3.csv
26,logD-UCRPLS3-1.csv
27,logD-UCRPLS3REL-3.csv
28,logD-UCRMLR0-5.csv
29,logD-UCRMLR06-7.csv
30,logD-UCRPLS3-2.csv
31,logD-UCRPLS3-2_gplfkzn.csv
32,logD-UCRPLS3REL-4.csv
33,logD-UCRMLR0-6.csv
34,logD-UCRMLR06-8.csv
35,logD_OllierTranPaluch_LSER_exp.csv
36,logD_OllierTranPaluch_UFZ_LSER_exp.csv
37,logD-davyguan-1.csv
